CREATE TABLE pracownik (id_pracownik INT NOT NULL PRIMARY KEY, imie VARCHAR(45) NOT NULL, nazwisko VARCHAR(45) NOT NULL, rola VARCHAR(45), pensja INT NOT
 NULL);
CREATE TABLE pracownik_impreza (id_pracownik INT NOT NULL, id_impreza INT NOT NULL);
CREATE TABLE impreza (id_impreza INT PRIMARY KEY AUTO_INCREMENT, data DATE, wydatki_przygotowawcze INT);
CREATE TABLE rachunek (id_rachunek INT PRIMARY KEY AUTO_INCREMENT, napoje INT NOT  NULL, prywatne_sesje INT NOT NULL, id_klient INT NOT NULL, id_impreza
INT NOT NULL);
CREATE TABLE klient_impreza (id_impreza INT NOT NULL, id_klient INT NOT NULL);
CREATE TABLE klient(id_klient INT PRIMARY KEY AUTO_INCREMENT, imie VARCHAR(45), nazwisko VARCHAR(45), vip ENUM('tak','nie'));
ALTER TABLE pracownik_impreza ADD FOREIGN KEY (id_pracownik) REFERENCES pracownik(id_pracownik);
ALTER TABLE pracownik_impreza ADD FOREIGN KEY (id_impreza) REFERENCES impreza (id_impreza);
ALTER TABLE klient_impreza ADD FOREIGN KEY (id_impreza) REFERENCES impreza(id_impreza);
ALTER TABLE klient_impreza ADD FOREIGN KEY (id_klient) REFERENCES klient
(id_klient);
ALTER TABLE rachunek ADD FOREIGN KEY (id_klient) REFERENCES klient (id_klient);
ALTER TABLE rachunek ADD FOREIGN KEY (id_impreza) REFERENCES impreza(id_impreza);
INSERT INTO pracownik VALUES (2, 'Tomek', 'Nikt', 'kierownik', 6000);    
INSERT INTO pracownik VALUES (3, 'Kamil', 'Slimak', 'kierownik', 6000);
INSERT INTO pracownik VALUES (4, 'Anna', 'Panna', 'barman', 4200);
INSERT INTO pracownik VALUES (5, 'Jakub', 'Bocian', 'barman', 4000);
INSERT INTO pracownik VALUES (6, 'Piotr', 'Wazny', 'barman', 4000);
INSERT INTO pracownik VALUES (7, 'Natalia', 'Kowalska', 'dancerka', 3750);
UPDATE pracownik SET rola = 'tancerz' WHERE id_pracownik= 7;
INSERT INTO pracownik VALUES (8, 'Ewa', 'Chmura', 'tancerz', 4300);
INSERT INTO pracownik VALUES (9, 'Filip', 'Chejzer', 'tancerz', 4000);
INSERT INTO pracownik VALUES (10, 'Hanna', 'Szewc', 'tancerz', 3600);
INSERT INTO pracownik VALUES (11, 'Adam', 'Koks', 'ochroniarz', 3200);
INSERT INTO pracownik VALUES (12, 'Wiesiek', 'Zieba', 'ochroniarz', 3300);
INSERT INTO pracownik VALUES (13, 'Zenon', 'Podawacz', 'kelner', 3400);
INSERT INTO pracownik VALUES (14, 'Miroslawa', 'Wolna', 'kelner', 3400); 
INSERT INTO pracownik VALUES (15, 'Boguslawa', 'Hel', 'sprzatacz', 2800);
INSERT INTO pracownik VALUES (16, 'Giorno', 'Giovannia', 'sprzatacz', 2800);
INSERT INTO impreza VALUES (1,'2020-12-12', 5000);
INSERT INTO impreza VALUES (2,'2020-12-13', 3600);
INSERT INTO impreza VALUES (3,'2020-12-14', 2800);
INSERT INTO impreza VALUES (4,'2020-12-15', 6300);
INSERT INTO klient VALUES (1,'Marian','Gorecki','nie');
INSERT INTO klient VALUES (2,'Artur','Adamski','nie');
INSERT INTO klient VALUES (3,'Karol','Marciniak','nie');
INSERT INTO klient VALUES (4,'Kornel','Bak','tak');
INSERT INTO klient VALUES (5,'Eryk','Szymaski','nie');
INSERT INTO klient VALUES (6,'Jacek','Laskowski','tak');
INSERT INTO klient VALUES (7,'Cezary','Nowak','tak');
INSERT INTO klient VALUES (8,'Julian','Kalinowski','nie');
INSERT INTO klient VALUES (9,'Leonardo','Stepien','nie');
INSERT INTO klient VALUES (10,'Ryszard','Sokolowski','nie');
INSERT INTO klient VALUES (11,'Jerzy','Jaworski','nie');
INSERT INTO klient VALUES (12,'Jozef','Bak','tak');
INSERT INTO klient VALUES (13,'Remigiusz','Kozlowski','nie');
INSERT INTO klient VALUES (14,'Edward','Wlodarczyk','nie');
INSERT INTO klient VALUES (15,'Maurycy','Wysocki','nie');
INSERT INTO pracownik_impreza VALUES(2,1);
INSERT INTO pracownik_impreza VALUES(4,1);
INSERT INTO pracownik_impreza VALUES(7,1);
INSERT INTO pracownik_impreza VALUES(8,1);
INSERT INTO pracownik_impreza VALUES(12,1);
INSERT INTO pracownik_impreza VALUES(14,1);
INSERT INTO pracownik_impreza VALUES(16,1);
INSERT INTO pracownik_impreza VALUES(3,2);
INSERT INTO pracownik_impreza VALUES(5,2);
INSERT INTO pracownik_impreza VALUES(9,2);
INSERT INTO pracownik_impreza VALUES(10,2);
INSERT INTO pracownik_impreza VALUES(12,2);
INSERT INTO pracownik_impreza VALUES(13,2);
INSERT INTO pracownik_impreza VALUES(15,2);
INSERT INTO pracownik_impreza VALUES(1,3);
INSERT INTO pracownik_impreza VALUES(6,3);
INSERT INTO pracownik_impreza VALUES(7,3);
INSERT INTO pracownik_impreza VALUES(9,3);
INSERT INTO pracownik_impreza VALUES(11,3);
INSERT INTO pracownik_impreza VALUES(12,3);
INSERT INTO pracownik_impreza VALUES(16,3);
INSERT INTO pracownik_impreza VALUES(14,3);
INSERT INTO pracownik_impreza VALUES(1,4);
INSERT INTO pracownik_impreza VALUES(2,4);
INSERT INTO pracownik_impreza VALUES(3,4);
INSERT INTO pracownik_impreza VALUES(4,4);
INSERT INTO pracownik_impreza VALUES(5,4);
INSERT INTO pracownik_impreza VALUES(7,4);
INSERT INTO pracownik_impreza VALUES(8,4);
INSERT INTO pracownik_impreza VALUES(10,4);
INSERT INTO pracownik_impreza VALUES(11,4);
INSERT INTO pracownik_impreza VALUES(12,4);
INSERT INTO pracownik_impreza VALUES(13,4);
INSERT INTO pracownik_impreza VALUES(14,4);
INSERT INTO pracownik_impreza VALUES(15,4);
INSERT INTO pracownik_impreza VALUES(16,4);
INSERT INTO klient_impreza VALUES(1,2);
INSERT INTO klient_impreza VALUES(1,5);
INSERT INTO klient_impreza VALUES(1,10);
INSERT INTO klient_impreza VALUES(1,15);
INSERT INTO klient_impreza VALUES(1,3);
INSERT INTO klient_impreza VALUES(1,12);
INSERT INTO klient_impreza VALUES(1,11);
INSERT INTO klient_impreza VALUES(2,1);
INSERT INTO klient_impreza VALUES(2,4);
INSERT INTO klient_impreza VALUES(2,6);
INSERT INTO klient_impreza VALUES(2,11);
INSERT INTO klient_impreza VALUES(2,12);
INSERT INTO klient_impreza VALUES(2,15);
INSERT INTO klient_impreza VALUES(3,7);
INSERT INTO klient_impreza VALUES(3,8);
INSERT INTO klient_impreza VALUES(3,9);
INSERT INTO klient_impreza VALUES(3,3);
INSERT INTO klient_impreza VALUES(3,12);
INSERT INTO klient_impreza VALUES(3,15);
INSERT INTO klient_impreza VALUES(3,10);
INSERT INTO klient_impreza VALUES(4,11);
INSERT INTO klient_impreza VALUES(4,12);
INSERT INTO klient_impreza VALUES(4,1);
INSERT INTO klient_impreza VALUES(4,2);
INSERT INTO klient_impreza VALUES(4,5);
INSERT INTO klient_impreza VALUES(4,7);
INSERT INTO klient_impreza VALUES(4,9);
INSERT INTO klient_impreza VALUES(4,15);
INSERT INTO klient_impreza VALUES(4,14);
INSERT INTO klient_impreza VALUES(4,10);
INSERT INTO rachunek  VALUES(1,350,200,2,1);
INSERT INTO rachunek  VALUES(1,500,0,10,1);
INSERT INTO rachunek  VALUES(2,500,0,10,1);
INSERT INTO rachunek  VALUES(3,50,0,3,1);
INSERT INTO rachunek  VALUES(4,1000,500,12,1);
INSERT INTO rachunek  VALUES(5,2000,1500,11,1);
INSERT INTO rachunek  VALUES(6,3200,200,4,2);
INSERT INTO rachunek  VALUES(7,150,0,1,2);
INSERT INTO rachunek  VALUES(8,300,100,15,2);
INSERT INTO rachunek  VALUES(9,500,300,6,2);
INSERT INTO rachunek  VALUES(10,250,100,7,3);
INSERT INTO rachunek  VALUES(11,125,500,8,3);
INSERT INTO rachunek  VALUES(12,542,0,15,3);
INSERT INTO rachunek  VALUES(13,200,500,10,3);
INSERT INTO rachunek  VALUES(14,1000,500,11,4);
INSERT INTO rachunek  VALUES(15,400,0,12,4);
INSERT INTO rachunek  VALUES(16,2000,1000,5,4);
INSERT INTO rachunek  VALUES(17,500,300,1,4);
INSERT INTO rachunek  VALUES(18,1000,250,2,4);
INSERT INTO rachunek  VALUES(19,750,1250,9,4);
INSERT INTO rachunek  VALUES(20,230,560,14,4);
INSERT INTO rachunek  VALUES(21,3256,1547,15,4);
INSERT INTO rachunek  VALUES(22,756,0,10,4);


